<?xml version="1.0" encoding="UTF-8"?>
<web-fragment xmlns:xsi="http://www.w3.org/2001/XMLSchema-instance"
	xmlns="http://java.sun.com/xml/ns/javaee" xmlns:web="http://java.sun.com/xml/ns/javaee/web-app_3_0.xsd"
	xsi:schemaLocation="http://java.sun.com/xml/ns/javaee http://java.sun.com/xml/ns/javaee/web-fragment_3_0.xsd"
	id="WebAppFragment_ID" version="3.0">

	<context-param>
		<param-name>primefaces.FONT_AWESOME</param-name>
		<param-value>true</param-value>
	</context-param>

	<mime-mapping>
		<extension>ico</extension>
		<mime-type>image/x-icon</mime-type>
	</mime-mapping>
	<mime-mapping>
		<extension>woff</extension>
		<mime-type>application/font-woff</mime-type>
	</mime-mapping>
	<mime-mapping>
		<extension>woff2</extension>
		<mime-type>application/font-woff2</mime-type>
	</mime-mapping>
	<mime-mapping>
		<extension>ttf</extension>
		<mime-type>application/font-sfnt</mime-type>
	</mime-mapping>
	<mime-mapping>
		<extension>eot</extension>
		<mime-type>application/vnd.ms-fontobject</mime-type>
	</mime-mapping>
	<mime-mapping>
		<extension>otf</extension>
		<mime-type>font/opentype</mime-type>
	</mime-mapping>

	<mime-mapping>
		<extension>svg</extension>
		<mime-type>image/svg+xml</mime-type>
	</mime-mapping>
</web-fragment>